time,integrated_power,mean_periodic_power_dep,periodic_power,voltage
0,0,0,0,0.28
1e-11,1.1213987107457,2.2809249776568e-09,5.6069935537287e-12,0.28
2.2e-11,1.1640444758235,7.859234707435e-09,1.9319652673144e-11,0.28
3.64e-11,1.2130638379797,1.4821689874232e-08,3.6434832532527e-11,0.28
